NAME,id,revenue_x,revenue_y
... Has Fallen Collection,2.0,366780087.0,183390043.5
00 Schneider Filmreihe,1.0,0.0,0.0
100 Girls Collection,2.0,0.0,0.0
101 Dalmatians (Animated) Collection,2.0,215880014.0,107940007.0
101 Dalmatians (Live-Action) Collection,2.0,504301065.0,252150532.5
12 Rounds Collection,3.0,17280326.0,5760108.666666667
1920 Collection,2.0,0.0,0.0
2 Days In... Collection,2.0,21429951.0,10714975.5
20th Century Boys Collection,3.0,31244858.0,10414952.666666666
28 Days/Weeks Later Collection,2.0,146958325.0,73479162.5
3 Men (Original) Collection,1.0,2052466.0,2052466.0
3 Men Collection,2.0,0.0,0.0
30 Days of Night Collection,2.0,75505973.0,37752986.5
300 Collection,2.0,760190470.0,380095235.0
48 Hrs. Collection,2.0,232387482.0,116193741.0
8MM Collection,2.0,96618699.0,48309349.5
9½ Weeks Collection,2.0,6735922.0,3367961.0
A Better Tomorrow Collection,3.0,4469460.0,1489820.0
A Chinese Ghost Story Collection,3.0,0.0,0.0
A Christmas Story Collection,2.0,19294144.0,9647072.0
A Goofy Movie Collection,2.0,35348597.0,17674298.5
A Haunted House Collection,2.0,60141683.0,30070841.5
A Nightmare on Elm Street Collection,8.0,363591558.0,45448944.75
AVP Collection,2.0,212980929.0,106490464.5
Ace Ventura Collection,3.0,319602929.0,106534309.66666667
Aces Go Places Collection,1.0,0.0,0.0
Addams Family Collection,3.0,240421469.0,80140489.66666667
Adventures of Mowgli,2.0,0.0,0.0
Afro Samurai Collection,2.0,0.0,0.0
Agent Cody Banks Collection,2.0,87614809.0,43807404.5
Air Bud Collection,5.0,33368615.0,6673723.0
Airplane Collection,2.0,110604073.0,55302036.5
Airport Collection,4.0,190504839.0,47626209.75
Aladdin Collection,3.0,504050219.0,168016739.66666666
Alex Cross Collection,3.0,196059666.0,65353222.0
Alice in Wonderland Collection,2.0,1324861194.0,662430597.0
Alien Collection,4.0,610021801.0,152505450.25
Alien Nation Collection,6.0,32155047.0,5359174.5
Alienation Trilogy,3.0,0.0,0.0
All Dogs Go to Heaven Collection,3.0,35720705.0,11906901.666666666
All for ...,1.0,0.0,0.0
Allan Quatermain Collection,2.0,238227.0,119113.5
Almighty Collection,2.0,657572835.0,328786417.5
Alone in the Dark Collection,2.0,10442808.0,5221404.0
Alpha and Omega Collection,3.0,39300000.0,13100000.0
Alvin and the Chipmunks Collection,4.0,1380957626.0,345239406.5
American Graffiti Collection,2.0,155014674.0,77507337.0
American Ninja Collection,5.0,10499694.0,2099938.8
American Pie (Spin-off) Collection,4.0,0.0,0.0
American Pie Collection,4.0,989475386.0,247368846.5
American Psycho Collection,2.0,34266564.0,17133282.0
An American Girl Collection,10.0,0.0,0.0
Anaconda Collection,4.0,207878665.0,51969666.25
Analyze Collection,2.0,231888793.0,115944396.5
Anchorman Collection,3.0,264223203.0,88074401.0
Angelique Collection,1.0,0.0,0.0
Anglo-Zulu War Collection,2.0,8000000.0,4000000.0
Animation Runner Kuromi (OAV collection),2.0,0.0,0.0
Aniskin Collection,1.0,0.0,0.0
Anja & Viktor Collection,1.0,0.0,0.0
Annabelle Collection,1.0,255273813.0,255273813.0
Annika Bengtzon Collection,3.0,0.0,0.0
Another Gay Movie Collection,2.0,745327.0,372663.5
Ant-Man Collection,1.0,519311965.0,519311965.0
Antboy Collection,2.0,0.0,0.0
Ants in the Pants Collection,2.0,0.0,0.0
Appleseed Collection,3.0,1461989.0,487329.6666666667
Armitage III Collection,1.0,0.0,0.0
Armour of God Collection,3.0,0.0,0.0
Arn collection,2.0,0.0,0.0
Arthur Collection,2.0,110142874.0,55071437.0
Arthur and the Invisibles Collection,3.0,107944236.0,35981412.0
Assassination Classroom Collection,1.0,0.0,0.0
Asterix and Obelix (Animation) Collection,9.0,0.0,0.0
Asterix and Obelix Collection,4.0,245671613.0,61417903.25
Atlantis Collection,2.0,186053725.0,93026862.5
Atlas Shrugged Collection,4.0,5474079.0,1368519.75
Ator Collection,4.0,0.0,0.0
Attack on Titan Collection,2.0,0.0,0.0
Austin Powers Collection,3.0,675279506.0,225093168.66666666
Avatar Collection,1.0,2787965087.0,2787965087.0
Azumi Collection,2.0,0.0,0.0
Babe Collection,2.0,323266770.0,161633385.0
Babylon 5 Collection,7.0,0.0,0.0
Babysitting,2.0,0.0,0.0
Bachelor Party Collection,2.0,38435947.0,19217973.5
Back to the Future Collection,3.0,957637345.0,319212448.3333333
Bad Ass Collection,3.0,0.0,0.0
Bad Boys Collection,2.0,414746580.0,207373290.0
Bad Kids Collection,2.0,0.0,0.0
Bad Santa Collection,2.0,94271067.0,47135533.5
Bahubali Collection,2.0,330000000.0,165000000.0
Balto Collection,3.0,11348324.0,3782774.6666666665
Bambi Collection,2.0,267447150.0,133723575.0
Bang Rajan Collection,1.0,0.0,0.0
Barbarian Queen Collection,2.0,0.0,0.0
Barbershop Collection,3.0,195882105.0,65294035.0
Barbie A Mermaid Tale Collection,2.0,31930745.0,15965372.5
Basic Instinct Collection,2.0,391556702.0,195778351.0
Basket Case Collection,3.0,0.0,0.0
Batman (DC Universe Animated) Collection,3.0,5617391.0,1872463.6666666667
Batman Collection,4.0,1266085190.0,316521297.5
Batman Unlimited Collection,3.0,0.0,0.0
Batman: The Dark Knight Returns Collection,2.0,0.0,0.0
Battle Royale Collection,2.0,25000000.0,12500000.0
Battlestar Galactica (Reboot) Collection,2.0,0.0,0.0
Beastmaster Collection,2.0,14925853.0,7462926.5
Beauty and the Beast Collection,2.0,377350553.0,188675276.5
Beethoven Collection,7.0,265457115.0,37922445.0
Before... Collection,3.0,32704489.0,10901496.333333334
Begotten Collection,1.0,0.0,0.0
Behind Enemy Lines Collection,4.0,91753202.0,22938300.5
Benvenuti al... Collection,2.0,100584679.0,50292339.5
Berserk: Golden Age Arc,3.0,0.0,0.0
Best Exotic Marigold Hotel Collection,2.0,222814422.0,111407211.0
Best of the Best Collection,2.0,6500000.0,3250000.0
Beverly Hills Chihuahua Collection,3.0,161281606.0,53760535.333333336
Beverly Hills Cop Collection,3.0,735534503.0,245178167.66666666
Big Man Collection,2.0,0.0,0.0
Billa Collection,2.0,0.0,0.0
Bionicle Collection,4.0,0.0,0.0
Birdemic Collection,2.0,0.0,0.0
Black Emanuelle Collection,7.0,0.0,0.0
Blacula Collection,2.0,0.0,0.0
Blade Collection,3.0,415098928.0,138366309.33333334
Blade Runner Collection,1.0,33139618.0,33139618.0
Blair Witch Collection,3.0,293172994.0,97724331.33333333
Bleach (Collection),2.0,0.0,0.0
BloodRayne Collection,3.0,2405420.0,801806.6666666666
Bloodfight,1.0,0.0,0.0
Bloodsport Collection,4.0,12490470.0,3122617.5
Born Free Trilogy,2.0,0.0,0.0
Born To Race Collection,2.0,0.0,0.0
Boston Blackie Series,1.0,0.0,0.0
Brancaleone Collection,2.0,1314230.0,657115.0
Brice Collection,2.0,0.0,0.0
Bridget Jones Collection,3.0,534085235.0,178028411.66666666
Bring It On Collection,5.0,90449929.0,18089985.8
Brooklyn Cigar Store Collection,2.0,9624430.0,4812215.0
Brother Bear Collection,2.0,0.0,0.0
Bummer Collection,2.0,1600000.0,800000.0
Burnt by the Sun Trilogy,2.0,2616503.0,1308251.5
Caddyshack Collection,2.0,39846344.0,19923172.0
Camp Rock Collection,2.0,0.0,0.0
Caméra Café,1.0,0.0,0.0
Candyman Collection,3.0,39732693.0,13244231.0
Cannonball Run Collection,3.0,103335013.0,34445004.333333336
Caprinos Eventyrlige Verden,1.0,0.0,0.0
Caprona Collection,4.0,0.0,0.0
Captain America 1979 Classic Collection,2.0,0.0,0.0
Captain America Collection,3.0,2238640841.0,746213613.6666666
Captain Harlock Collection,2.0,17137302.0,8568651.0
Cardcaptor Sakura Collection,2.0,0.0,0.0
Carnosaur Collection,3.0,1753979.0,584659.6666666666
Carrie Collection,2.0,51562705.0,25781352.5
Cars Collection,3.0,1372005602.0,457335200.6666667
Cat People Collection,2.0,4000000.0,2000000.0
Cat Stevens y Hutch Bessy Trilogy,3.0,0.0,0.0
Cats & Dogs Collection,2.0,205858915.0,102929457.5
Center Stage Collection,3.0,17200925.0,5733641.666666667
Cetto La Qualunque - Collezione,2.0,8927600.0,4463800.0
Chaar Sahibzaade Collection,1.0,0.0,0.0
Charlie Chan (Warner Oland) Collection,15.0,0.0,0.0
Che Collection,2.0,0.0,0.0
Cheaper by the Dozen Collection,2.0,319393943.0,159696971.5
Cheech & Chong Collection,7.0,119943461.0,17134780.14285714
Children of the Corn Collection,9.0,20980986.0,2331220.6666666665
Chili Palmer Collection,2.0,210327738.0,105163869.0
Cinderella Collection,3.0,263591415.0,87863805.0
Cinderella Story Collection,4.0,70067909.0,17516977.25
Cirque du Soleil Collection,1.0,34153101.0,34153101.0
City Slickers Collection,2.0,179033791.0,89516895.5
Clash of the Titans Collection,2.0,533713139.0,266856569.5
Clerks Collection,2.0,30039506.0,15019753.0
Cloudy with a Chance of Meatballs Collection,2.0,491373087.0,245686543.5
Cocaine Cowboys,3.0,163000.0,54333.333333333336
Cocoon Collection,2.0,110338043.0,55169021.5
Cold Prey Collection,3.0,0.0,0.0
Cold War Collection,1.0,0.0,0.0
Conan the Barbarian Collection,3.0,186062718.0,62020906.0
Confessions Collection,4.0,0.0,0.0
Corto Maltese,4.0,0.0,0.0
Crank Collection,2.0,77491618.0,38745809.0
Creature From The Black Lagoon (Universal Series),3.0,1300000.0,433333.3333333333
Creepshow Collection,3.0,35028755.0,11676251.666666666
Critters Collection,4.0,16980525.0,4245131.25
Crocodile Dundee Collection,3.0,607248390.0,202416130.0
Cross Collection,1.0,0.0,0.0
Cross of Iron Collection,2.0,0.0,0.0
"Crouching Tiger, Hidden Dragon Collection",2.0,213525736.0,106762868.0
Crows Collection,3.0,0.0,0.0
Cruel Intentions Collection,3.0,75902208.0,25300736.0
Cube Collection,3.0,501818.0,167272.66666666666
Curious George Collection,3.0,69834815.0,23278271.666666668
Cyborg 009 Collection,1.0,0.0,0.0
Cyborg Collection,3.0,10166459.0,3388819.6666666665
DMB Collection,1.0,0.0,0.0
Daddy Day Camp Collection,2.0,182631265.0,91315632.5
Dark Rising Collection,1.0,0.0,0.0
Darkman Collection,3.0,48878502.0,16292834.0
Darko Collection,2.0,5370522.0,2685261.0
Das Sams Collection,2.0,0.0,0.0
Dead Rising Collection,2.0,0.0,0.0
Dead Snow Collection,2.0,2022135.0,1011067.5
Dead in Tombstone Collection,1.0,0.0,0.0
Deadly Prey Collection,1.0,0.0,0.0
Deadpool Collection,1.0,783112979.0,783112979.0
Death Note Collection,3.0,108734800.0,36244933.333333336
Death Note Relight,1.0,0.0,0.0
Death Race Collection,3.0,73762516.0,24587505.333333332
Death Race Original Collection,2.0,8000000.0,4000000.0
Death Wish Collection,5.0,85647565.0,17129513.0
Deathstalker Collection,4.0,8890685.0,2222671.25
Department Q series,3.0,5900000.0,1966666.6666666667
Despicable Me Collection,6.0,3691070216.0,615178369.3333334
Destricted,1.0,0.0,0.0
Detective Conan Collection,2.0,0.0,0.0
Detective Dee Collection,2.0,124011068.0,62005534.0
Detective K Collection,2.0,0.0,0.0
Deuce Bigalow Collection,2.0,87935221.0,43967610.5
Diary of a Wimpy Kid Collection,4.0,265350212.0,66337553.0
Die Fritz Lang Indien-Edition,2.0,0.0,0.0
Die Hard Collection,5.0,1435086362.0,287017272.4
Digimon Collection,1.0,0.0,0.0
Dirty Dancing Collection,2.0,241639290.0,120819645.0
Dirty Harry Collection,5.0,189622693.0,37924538.6
Disney Buddies Collection,7.0,0.0,0.0
Disneys Große Pause,1.0,44460850.0,44460850.0
District 13 Collection,2.0,18370506.0,9185253.0
Divergent Collection,3.0,763232964.0,254410988.0
Dixie Zombi - Colección,1.0,0.0,0.0
Django - Original films,2.0,17277.0,8638.5
Dolemite Collection,2.0,0.0,0.0
Dolphin Tale Collection,2.0,147828930.0,73914465.0
Don Camillo Collection,3.0,0.0,0.0
Don Collection,2.0,0.0,0.0
Doraemon Collection,1.0,83061158.0,83061158.0
Dorm Daze Collection,2.0,263941.0,131970.5
Dr. Dolittle Collection,5.0,470560949.0,94112189.8
Dr. Mabuse Collection,1.0,0.0,0.0
Dr. Phibes Collection,2.0,0.0,0.0
Dracula (Hammer Series),9.0,909413.0,101045.88888888889
Dracula (Universal Series),4.0,1012189.0,253047.25
Dracula 2000 Collection,3.0,33000337.0,11000112.333333334
Dragon Ball Collection,4.0,0.0,0.0
Dragon Ball Z (Movie) Collection,15.0,112121192.0,7474746.133333334
Dragon Ball Z OVA Collection,5.0,0.0,0.0
Dragon Nest Collection,1.0,0.0,0.0
DragonHeart Collection,4.0,115267375.0,28816843.75
Dreileben,1.0,0.0,0.0
Drunken Master Collection,3.0,0.0,0.0
Ducobu Collection,1.0,0.0,0.0
Dumb and Dumber Collection,3.0,456379899.0,152126633.0
Dungeons & Dragons Collection,3.0,15185241.0,5061747.0
Düğün Dernek Collection,1.0,0.0,0.0
East is East Collection,2.0,32067000.0,16033500.0
Easy Money Collection,3.0,0.0,0.0
Eberhofer Krimi Collection,1.0,0.0,0.0
Elektra Luxx Collection,2.0,18107.0,9053.5
Elements Trilogy,3.0,11452892.0,3817630.6666666665
Elite Squad Collection,2.0,63027681.0,31513840.5
Elizabeth Collection,2.0,156388205.0,78194102.5
Elvira Collection,1.0,5596267.0,5596267.0
Emil i Lönneberga,2.0,0.0,0.0
Emmanuelle Collection,6.0,0.0,0.0
Enter the Ninja Collection,3.0,13168027.0,4389342.333333333
Erkan & Stefan Filmreihe,2.0,4508104.0,2254052.0
Ernest Collection,9.0,51711491.0,5745721.222222222
Escape From ... Collection,2.0,92522065.0,46261032.5
Evangelion Collection,2.0,20000000.0,10000000.0
Evil Bong Collection,2.0,0.0,0.0
Evil Dead Collection,3.0,35323044.0,11774348.0
Extralarge Collection,1.0,0.0,0.0
"F*ck You, Goethe Collection",2.0,83027924.0,41513962.0
F.C. De Kampioenen Collectie,1.0,7471304.0,7471304.0
F/X Collection,2.0,20603715.0,10301857.5
Family Guy Presents Collection,2.0,0.0,0.0
Fantasia Collection,2.0,174194570.0,87097285.0
Fantastic Beasts Collection,1.0,809342332.0,809342332.0
Fantastic Four Collection,2.0,619627482.0,309813741.0
Fantomas Collection,3.0,0.0,0.0
Fantozzi Collection,10.0,0.0,0.0
"Fat, Sick & Nearly Dead",2.0,0.0,0.0
Fatal Fury Collection,1.0,0.0,0.0
Father of Four Collection,1.0,0.0,0.0
Father of the Bride Collection,2.0,165904691.0,82952345.5
FernGully Collection,2.0,32710894.0,16355447.0
Fifty Shades Collection,2.0,949833622.0,474916811.0
Final Destination Collection,5.0,605502659.0,121100531.8
Final Fantasy Collection,4.0,85401810.0,21350452.5
Finding Nemo Collection,2.0,1968906425.0,984453212.5
Firestarter Collection,2.0,17080167.0,8540083.5
Fist of the North Star: The Legends of the True Savior,5.0,862.0,172.4
Flatfoot Collection,4.0,0.0,0.0
Fletch Collection,2.0,94763848.0,47381924.0
Flodder Collection,3.0,0.0,0.0
Flower & Snake Collection,1.0,0.0,0.0
Flower Shop Mystery Collection,1.0,0.0,0.0
Flower and Snake Collection,1.0,0.0,0.0
Flowers in the Attic Collection,3.0,0.0,0.0
Flubber Collection,2.0,0.0,0.0
Footsoldier Collection,1.0,0.0,0.0
Frankenstein (Hammer Series),6.0,0.0,0.0
Frankenstein (Universal Series),5.0,12000000.0,2400000.0
Fred Collection,1.0,0.0,0.0
Free Willy Collection,3.0,153698625.0,51232875.0
Freeway Collection,2.0,0.0,0.0
French Connection Collection,2.0,53643201.0,26821600.5
French Fried Vacation,3.0,0.0,0.0
Friday Collection,3.0,121570081.0,40523360.333333336
Friday the 13th Collection,12.0,464898544.0,38741545.333333336
Fright Night (Reboot) Collection,2.0,24922237.0,12461118.5
Fright Night Collection,2.0,27906021.0,13953010.5
Fritz the Cat Collection,2.0,0.0,0.0
From Dusk Till Dawn Collection,3.0,25836616.0,8612205.333333334
Frosty the Snowman Collection,2.0,0.0,0.0
Frozen Collection,2.0,1274219009.0,637109504.5
Fu Manchu Collection,4.0,0.0,0.0
Fuga de cerebros - Collection,2.0,0.0,0.0
Futurama Collection,4.0,0.0,0.0
G.I. Joe (Live-Action) Collection,2.0,674345295.0,337172647.5
Galaxy Express 999 Collection,1.0,0.0,0.0
Gamera Films,8.0,0.0,0.0
Gangs of Wasseypur Collection,1.0,4100000.0,4100000.0
Gantz Collection,2.0,0.0,0.0
Garage Sale Mystery Collection,1.0,0.0,0.0
Garfield Collection,2.0,342506798.0,171253399.0
Get Smart Collection,2.0,0.0,0.0
Ghost Rider Collection,2.0,377955748.0,188977874.0
Ghost in the Shell Collection,3.0,12077365.0,4025788.3333333335
Ghost in the Shell: Arise,6.0,101203.0,16867.166666666668
Ghost in the Shell: Stand Alone Complex,2.0,0.0,0.0
Ghostbusters Collection,3.0,739754714.0,246584904.66666666
Ghoulies Collection,4.0,35000000.0,8750000.0
Ginger Snaps Collection,3.0,0.0,0.0
Glass Tiger collection,1.0,0.0,0.0
Goal! Collection,3.0,27610873.0,9203624.333333334
God of Gamblers Collection,1.0,4762337.0,4762337.0
Godzilla (Heisei) Collection,7.0,4100000.0,585714.2857142857
Godzilla (Millennium) Collection,6.0,10037390.0,1672898.3333333333
Godzilla (Showa) Collection,16.0,0.0,0.0
Golgo 13 Collection,1.0,0.0,0.0
Golmaal Collection,3.0,0.0,0.0
Gone in 60 Seconds Trilogy,1.0,0.0,0.0
Gor Collection,2.0,0.0,0.0
Gourmet Detective Collection,3.0,0.0,0.0
Grave Encounters Collection,2.0,0.0,0.0
Grease Collection,2.0,196985246.0,98492623.0
Green Street Hooligans Collection,3.0,3154346.0,1051448.6666666667
Grindhouse Collection,2.0,25037897.0,12518948.5
Grown Ups Collection,2.0,518414467.0,259207233.5
Grumpy Old Men Collection,2.0,0.0,0.0
Guardians of the Galaxy Collection,2.0,1636744770.0,818372385.0
Guinea Pig Collection,2.0,0.0,0.0
Gwendolyn Shepherd Collection,2.0,0.0,0.0
Hababam Sınıfı Collection,4.0,0.0,0.0
Half Past Dead Collection,2.0,0.0,0.0
Halloween (Rob Zombie Series) Collection,2.0,119675375.0,59837687.5
Halloween Collection,8.0,247168056.0,30896007.0
Halloweentown Collection,4.0,0.0,0.0
Hamilton Collection,4.0,3142763.0,785690.75
Happy Feet Collection,2.0,534742074.0,267371037.0
Hard Target Collection,2.0,74189677.0,37094838.5
Harold & Kumar Collection,3.0,102817243.0,34272414.333333336
Harry Palmer Collection,4.0,0.0,0.0
Harry Potter Collection,8.0,7707367425.0,963420928.125
Hatchet Collection,3.0,52604.0,17534.666666666668
Hate Story Collection,2.0,0.0,0.0
Hayride Collection,1.0,0.0,0.0
Heart of Gold Collection,3.0,43842412.0,14614137.333333334
"Heaven, Hell and Purgatory Collection",2.0,0.0,0.0
Heavy Metal Collection,2.0,0.0,0.0
Hellboy Collection,2.0,259707050.0,129853525.0
Hellraiser Collection,10.0,55864723.0,5586472.3
Herbie Collection,6.0,66002004.0,11000334.0
Herr Lehmann Filmreihe,2.0,0.0,0.0
High School Musical Collection,3.0,7000000.0,2333333.3333333335
Highlander Collection,5.0,74099948.0,14819989.6
Hitman Collection,2.0,181933203.0,90966601.5
Hollow Man Collection,2.0,190213455.0,95106727.5
Home Alone Collection,5.0,914758871.0,182951774.2
Honey Collection,3.0,62646763.0,20882254.333333332
"Honey, I Shrunk the Kids Collection",3.0,281386624.0,93795541.33333333
Hoodwinked! Collection,2.0,64575616.0,32287808.0
Hooked Collection,2.0,5998765.0,2999382.5
Hopalong Cassidy films,1.0,0.0,0.0
Hornblower Collection,2.0,0.0,0.0
Horrible Bosses Collection,2.0,224670357.0,112335178.5
Hostel Collection,3.0,116198455.0,38732818.333333336
Hot Shots! Collection,2.0,314848989.0,157424494.5
Hot Tub Time Machine Collection,2.0,76886913.0,38443456.5
Hotel Transylvania Collection,2.0,831602561.0,415801280.5
House Collection,4.0,9538897.0,2384724.25
House of 1000 Corpses Collection,2.0,16829545.0,8414772.5
House of Angels Collection,1.0,0.0,0.0
House on Haunted Hill Collection,2.0,40846082.0,20423041.0
Housefull Collection,3.0,0.0,0.0
How I Unleashed World War II,1.0,0.0,0.0
How to Train Your Dragon Collection,2.0,1104001807.0,552000903.5
I Am Curious Collection,2.0,0.0,0.0
I Know What You Did Last Summer Collection,3.0,165588246.0,55196082.0
I Spit on Your Grave Collection,3.0,573618.0,191206.0
Ice Age Collection,5.0,3216708553.0,643341710.6
If I Were You Collection,2.0,0.0,0.0
If These Walls Could Talk Collection,2.0,0.0,0.0
If You Are the One (Collection),1.0,0.0,0.0
Il Maresciallo Giraldi Collection,10.0,0.0,0.0
"Ilsa, She Wolf of the SS Collection",4.0,0.0,0.0
Immaturi Collection,1.0,0.0,0.0
"Impy, the small dinosaur Collection",2.0,0.0,0.0
In China They Eat Dogs Collection,2.0,0.0,0.0
In the Name of the King Collection,3.0,0.0,0.0
Independence Day Collection,2.0,1206651203.0,603325601.5
Indiana Jones Collection,4.0,1983733810.0,495933452.5
Infernal Affairs Collection,3.0,8708932.0,2902977.3333333335
Insidious Collection,3.0,201313001.0,67104333.666666664
Inspector Gadget Collection,2.0,0.0,0.0
Into the Blue Collection,2.0,44434439.0,22217219.5
Inuyasha Collection,1.0,0.0,0.0
Ip Man Collection,3.0,214733351.0,71577783.66666667
Iron Man Collection,3.0,2424547547.0,808182515.6666666
Isi/Disi Collection,1.0,0.0,0.0
Ivan Brovkin Collection,1.0,0.0,0.0
Ivan The Terrible Collection,2.0,0.0,0.0
Ivan Tsarevich & the Grey Wolf Collection,3.0,27724000.0,9241333.333333334
Jack Reacher Collection,2.0,380486671.0,190243335.5
Jackass Collection,7.0,406116832.0,58016690.28571428
James Bond Collection,26.0,7106970239.0,273345009.1923077
Jarhead Collection,3.0,96889998.0,32296666.0
Jeepers Creepers Collection,2.0,122320455.0,61160227.5
Jesse Stone Collection,9.0,0.0,0.0
Jingle All the Way Collection,2.0,129832389.0,64916194.5
Joe Dirt Collection,2.0,30987695.0,15493847.5
Johan Falk GSI Collection,12.0,0.0,0.0
John Pinette Collection,2.0,0.0,0.0
John Wick Collection,2.0,260301548.0,130150774.0
Johnny English Collection,2.0,320661604.0,160330802.0
Joséphine - Saga,1.0,0.0,0.0
Journey Collection,2.0,457394820.0,228697410.0
Journey to the West Collection,1.0,0.0,0.0
Joy Ride Collection,3.0,36642838.0,12214279.333333334
Ju-on Collection,6.0,0.0,0.0
Jump Street Collection,2.0,390026942.0,195013471.0
Jungle Jim Collection,3.0,0.0,0.0
Jungledyret Hugo Collection,3.0,0.0,0.0
Jurassic Park Collection,4.0,3031484143.0,757871035.75
Justice League (Animated) Collection,4.0,5155325.0,1288831.25
Jönsson Gang,8.0,0.0,0.0
K-9 Collection,3.0,78247647.0,26082549.0
K3 Collectie,1.0,0.0,0.0
Karas The Collection,1.0,0.0,0.0
Karlson Collection,2.0,0.0,0.0
Keinohrhasen Filmreihe,2.0,130023447.0,65011723.5
Kevin Smith: Silent Bob Speaks!,6.0,0.0,0.0
Kick-Ass Collection,2.0,156888903.0,78444451.5
Kidulthood Collection,2.0,165000.0,82500.0
Kill Bill Collection,2.0,333108461.0,166554230.5
Kim Possible Collection,1.0,0.0,0.0
Kindergarten Cop Collection,2.0,201957688.0,100978844.0
Kingsman Collection,1.0,414351546.0,414351546.0
Kirikou,2.0,0.0,0.0
Kizumonogatari,3.0,0.0,0.0
Kleines Arschloch Collection,1.0,0.0,0.0
Kocan Kadar Konuş Serisi,1.0,0.0,0.0
Kokowääh Filmreihe,2.0,43000000.0,21500000.0
Kolpaçino Serisi,1.0,0.0,0.0
Korengal Valley Documentaries,2.0,1422910.0,711455.0
Krrish Collection,3.0,0.0,0.0
Krummerne (Samling),1.0,0.0,0.0
Kung Fu Panda Collection,3.0,1818607666.0,606202555.3333334
Kvartet I Collection,6.0,39409191.0,6568198.5
LEGO DC Comics Super Heroes Collection,5.0,0.0,0.0
La Classe Américaine & Cie,2.0,0.0,0.0
La Tour Infernale,1.0,0.0,0.0
La trilogie de la mort – Nacho Cerda,2.0,0.0,0.0
Lady and the Tramp Collection,2.0,93600000.0,46800000.0
Laid to Rest Collection,2.0,0.0,0.0
Lammbock Collection,1.0,0.0,0.0
Largo Winch Collection,2.0,0.0,0.0
Lauras Stern,1.0,0.0,0.0
Lavalantula Collection,2.0,0.0,0.0
Le Cœur des Hommes,2.0,0.0,0.0
Le Gendarme de St. Tropez Collection,6.0,0.0,0.0
Left Behind Collection,3.0,0.0,0.0
Legally Blonde Collection,3.0,266689521.0,88896507.0
Legend of the Galactic Heroes Collection,3.0,0.0,0.0
Lemmy Caution Collection,1.0,0.0,0.0
Lemon Popsicle Collection,1.0,0.0,0.0
Leprechaun Collection (Original Series),6.0,10817562.0,1802927.0
Les Boys,1.0,0.0,0.0
Les Charlots - Saga,1.0,0.0,0.0
Les Profs,1.0,0.0,0.0
Les Ripoux - Trilogie,3.0,0.0,0.0
Les Tuche,2.0,0.0,0.0
Lethal Weapon Collection,4.0,955237243.0,238809310.75
Letters to Santa Collection,1.0,0.0,0.0
Lezioni di Cioccolato Collection,1.0,0.0,0.0
Lilo & Stitch Collection,4.0,145771527.0,36442881.75
Little Bear,1.0,0.0,0.0
Little Forest Collection,2.0,0.0,0.0
Little Nicholas Collection,2.0,0.0,0.0
Little Witch Academia Collection,2.0,0.0,0.0
Living Dead Collection,6.0,171135460.0,28522576.666666668
Lone Wolf and Cub Collection,6.0,0.0,0.0
Lonesome Dove Collection,4.0,0.0,0.0
Lost Boys Collection,3.0,32222567.0,10740855.666666666
Love Hina Collection,2.0,0.0,0.0
Love in the City Collection,3.0,19310550.0,6436850.0
Lovey-Dovey Collection,1.0,0.0,0.0
Lucky Luke (Animation) Collection,2.0,0.0,0.0
Lucky Stars Collection,3.0,0.0,0.0
Lupin the Third Collection,6.0,0.0,0.0
M.D. Geist Collection,2.0,0.0,0.0
Ma and Pa Kettle Collection,2.0,0.0,0.0
MacGyver (TV Movies) Collection,2.0,0.0,0.0
Machete Collection,2.0,46336060.0,23168030.0
Macross Frontier Collection,1.0,0.0,0.0
Macskafogó gyűjtemény,1.0,0.0,0.0
Mad Max Collection,4.0,539689391.0,134922347.75
Madagascar Collection,4.0,2257054393.0,564263598.25
Magic Mike Collection,2.0,289734628.0,144867314.0
Maigret (Rowan Atkinson) Collection,3.0,0.0,0.0
Major Korenev Trilogy,3.0,5166340.0,1722113.3333333333
Major League Collection,3.0,83995773.0,27998591.0
Mall Cop Collection,2.0,290890373.0,145445186.5
Man of Steel Collection,2.0,1536105712.0,768052856.0
Mandıra Filozofu Serisi,1.0,0.0,0.0
Maniac Cop Collection,3.0,0.0,0.0
Mannequin Collection,2.0,46473622.0,23236811.0
Mardock Scramble Collection,2.0,0.0,0.0
Mark Collection,3.0,0.0,0.0
Marley & Me Collection,2.0,244082376.0,122041188.0
Max (Collection),1.0,43967255.0,43967255.0
Mechanic Collection,2.0,176800442.0,88400221.0
Meet the Parents Collection,3.0,1157737569.0,385912523.0
Megazone 23 Collection,2.0,0.0,0.0
Memories Collection,1.0,0.0,0.0
Men In Black Collection,3.0,1655236118.0,551745372.6666666
Men in the City Collection,2.0,0.0,0.0
Mexico Trilogy,3.0,125631947.0,41877315.666666664
Mi Nismo Anđeli Collection,1.0,0.0,0.0
Midnight Diner Collection,1.0,0.0,0.0
Miles Jupp Standup Collection,1.0,0.0,0.0
Mimic Collection,3.0,25480490.0,8493496.666666666
Minions: 3 Mini-Movie Collection,1.0,0.0,0.0
Mirrors Collection,2.0,72436439.0,36218219.5
Miss Congeniality Collection,2.0,212000000.0,106000000.0
Missing in Action Collection,3.0,39761759.0,13253919.666666666
Mission: Impossible Collection,5.0,2778977995.0,555795599.0
Mister Blot Collection,2.0,0.0,0.0
Mobile Suit Gundam Collection,2.0,0.0,0.0
Mommies Collection,2.0,11666088.0,5833044.0
Mondo Cane Collection,1.0,0.0,0.0
Monster High Collection,14.0,0.0,0.0
Monsters Collection,2.0,4242978.0,2121489.0
"Monsters, Inc. Collection",3.0,1306375863.0,435458621.0
Mortal Kombat Collection,2.0,173572781.0,86786390.5
Moskva-Kassiopeya Collection,2.0,0.0,0.0
Mr. Bean Collection,2.0,480949014.0,240474507.0
Mr. Bones Collection,1.0,0.0,0.0
Mr. Boogedy Collection,1.0,0.0,0.0
Mr. Moto Collection,7.0,0.0,0.0
Mr. Wong Collection,3.0,0.0,0.0
Mulan Collection,2.0,304320254.0,152160127.0
My Big Fat Greek Wedding Collection,2.0,457667295.0,228833647.5
My Friends Collection,2.0,0.0,0.0
My Little Pony: Equestria Girls Collection,3.0,0.0,0.0
My Sassy Girl Collection,1.0,0.0,0.0
Mystery Woman,1.0,0.0,0.0
Mythica Collection,5.0,0.0,0.0
Mörderischer Norden,1.0,0.0,0.0
NASU Collection,1.0,0.0,0.0
Naked Collection,3.0,0.0,0.0
Naked Fear Collection,1.0,0.0,0.0
Naked Gun Collection,3.0,216819186.0,72273062.0
Nana Collection,1.0,0.0,0.0
Nanny McPhee Collection,2.0,215736210.0,107868105.0
Naruto Collection,4.0,17322136.0,4330534.0
National Lampoon’s Van Wilder Collection,3.0,44361991.0,14787330.333333334
National Treasure Collection,2.0,804815062.0,402407531.0
Naval Cadets Collection,3.0,0.0,0.0
Navarone Collection,2.0,36130000.0,18065000.0
Neighbors Collection,2.0,376915921.0,188457960.5
Never Back Down Collection,3.0,41627431.0,13875810.333333334
New Kids Collection,2.0,8786756.0,4393378.0
Night at the Museum Collection,3.0,1337011293.0,445670431.0
Night of the Demons Collection,3.0,3109904.0,1036634.6666666666
Niko - Coleccion,2.0,17000000.0,8500000.0
Ninja Collection,2.0,0.0,0.0
Nobody Collection,2.0,0.0,0.0
Northpole,1.0,0.0,0.0
Now You See Me Collection,2.0,452600231.0,226300115.5
Nymphomaniac Collection,1.0,2227167.0,2227167.0
OSS 117 Collection,2.0,0.0,0.0
OSS 117 The Original Saga,1.0,0.0,0.0
Old Way Collection,1.0,0.0,0.0
Olsen Banden (Samling),1.0,0.0,0.0
On Any Sunday Collection,2.0,0.0,0.0
Once Upon a Time in China Collection,4.0,61766696.0,15441674.0
One Missed Call Collection,4.0,0.0,0.0
One Piece Collection,3.0,119207073.0,39735691.0
Ong Bak Collection,3.0,11277041.0,3759013.6666666665
Open Season Collection,4.0,197309027.0,49327256.75
Open Water Collection,2.0,54667954.0,27333977.0
Osobennosti Natsionalnoy ... - Collection,5.0,0.0,0.0
Ostwind Filmreihe,1.0,0.0,0.0
Otto Collection,3.0,0.0,0.0
Ouija Collection,2.0,185296017.0,92648008.5
Outpost Collection,3.0,0.0,0.0
Outrage Collection,2.0,0.0,0.0
Pacific Rim Collection,1.0,407602906.0,407602906.0
Painted Skin Collection,2.0,0.0,0.0
"Pane, amore e… - Collezione",3.0,0.0,0.0
Papa ou Maman Collection,1.0,0.0,0.0
Paradise Lost Collection,3.0,0.0,0.0
Paranormal Activity Collection,6.0,883848567.0,147308094.5
Parasyte Collection,2.0,0.0,0.0
Patlabor Collection,2.0,0.0,0.0
Per Fly trilogien (Samling),3.0,0.0,0.0
Percy Jackson Collection,2.0,401075960.0,200537980.0
Pet Sematary Collection,2.0,74561920.0,37280960.0
Peter Pan Collection,2.0,197267333.0,98633666.5
Phantasm Collection,5.0,19271320.0,3854264.0
Philo & Clyde Collection,2.0,70687429.0,35343714.5
Philo Vance Collection,2.0,0.0,0.0
Phobia Collection,2.0,0.0,0.0
Pippi Longstocking,3.0,0.0,0.0
Piranha 3D Collection,2.0,91681893.0,45840946.5
Pirates of the Caribbean Collection,5.0,4521576826.0,904315365.2
Pitch Perfect Collection,2.0,402856620.0,201428310.0
Planes Collection,2.0,370954499.0,185477249.5
Planet of the Apes (Reboot) Collection,3.0,1563412714.0,521137571.3333333
Planet of the Apes Original Collection,5.0,83288644.0,16657728.8
Pocahontas Collection,2.0,346079773.0,173039886.5
Poison Ivy Collection,4.0,0.0,0.0
Pokémon Collection,26.0,891170472.0,34275787.384615384
Police Academy Collection,7.0,304643237.0,43520462.428571425
Police Story Collection,7.0,123544268.0,17649181.14285714
Poltergeist Collection,3.0,177340665.0,59113555.0
Power Rangers Collection,2.0,83979739.0,41989869.5
Predator Collection,3.0,281604679.0,93868226.33333333
Prep & Landing Collection,1.0,0.0,0.0
Problem Child Collection,3.0,0.0,0.0
Prometheus Collection,2.0,635550385.0,317775192.5
Prostokvashino Collection,3.0,0.0,0.0
Prudence et Bélisaire Beresford Collection,2.0,0.0,0.0
Psy Collection,2.0,0.0,0.0
Psycho Collection,3.0,81206606.0,27068868.666666668
Puella Magi Madoka Magica: The Movie,3.0,12947880.0,4315960.0
Pulse Collection,2.0,29907685.0,14953842.5
Pumping Iron Collection,2.0,0.0,0.0
Puppet Master Collection,10.0,0.0,0.0
Pusher Collection,3.0,0.0,0.0
Qatsi Collection,3.0,2326424.0,775474.6666666666
Quando le donne avevano la coda,1.0,0.0,0.0
Quarantine Collection,2.0,40855419.0,20427709.5
RED Collection,2.0,71664962.0,35832481.0
Race Collection,2.0,0.0,0.0
Rakht Charitra,1.0,0.0,0.0
Rambo Collection,4.0,727873237.0,181968309.25
Rare Exports Collection,1.0,0.0,0.0
Re-Animator Collection,3.0,2023414.0,674471.3333333334
Rebuild of Evangelion,3.0,101873825.0,33957941.666666664
Recep İvedik Serisi,4.0,154851495.0,38712873.75
Red Cliff Collection,2.0,248873834.0,124436917.0
Red Lotus Collection,1.0,0.0,0.0
Resident Evil Collection,6.0,1233421727.0,205570287.83333334
Resident Evil: Biohazard,3.0,0.0,0.0
Rest Stop Collection,2.0,0.0,0.0
Return of the Living Dead Collection,5.0,23497131.0,4699426.2
Richard the Lionheart Collection,1.0,0.0,0.0
"Rico, Oskar 1, 2 & 3",1.0,0.0,0.0
Ride Along Collection,2.0,278825135.0,139412567.5
Ringu Collection,4.0,27377073.0,6844268.25
Rio Collection,2.0,984824195.0,492412097.5
Road Trip Collection,2.0,119754278.0,59877139.0
Road to Collection,7.0,0.0,0.0
Robert Langdon Collection,3.0,1344455157.0,448151719.0
RoboCop Collection,4.0,352066348.0,88016587.0
Robot Jox Collection,3.0,0.0,0.0
Rocky Collection,7.0,1337126094.0,191018013.42857143
Romancing the Stone Collection,2.0,183345438.0,91672719.0
Rudolph the Red-Nosed Reindeer Collection,4.0,0.0,0.0
Rugrats Collection,3.0,100491786.0,33497262.0
Rurouni Kenshin Live-Action Collection,3.0,61700000.0,20566666.666666668
Rush Hour Collection,3.0,849734899.0,283244966.3333333
S.W.A.T. Collection,3.0,116643346.0,38881115.333333336
Sailor Moon Collection,3.0,0.0,0.0
Saint Seiya Collection,6.0,0.0,0.0
Saints and Soldiers Collection,3.0,0.0,0.0
Sami Swoi Collection,1.0,0.0,0.0
Samurai Collection,3.0,0.0,0.0
Santa Baby Collection,2.0,0.0,0.0
Santas Paw,2.0,0.0,0.0
"Sarah, Plain and Tall Collection",3.0,0.0,0.0
Sarkar Collection,2.0,5900000.0,2950000.0
Saw Collection,7.0,878307806.0,125472543.71428572
Scary Movie Collection,5.0,896555030.0,179311006.0
Schoolgirl Report Collection,5.0,0.0,0.0
Scooby-Doo Collection,4.0,457117536.0,114279384.0
Scream Collection,4.0,604382926.0,151095731.5
Screwballs Collection,3.0,0.0,0.0
Seven Dwarfs Collection,2.0,0.0,0.0
Seventh Company Collection,2.0,0.0,0.0
Sex and the City Collection,2.0,703600478.0,351800239.0
Sex is Zero Collection,1.0,0.0,0.0
Shadow Boxing Collection,2.0,19434733.0,9717366.5
Shadow Warriors,1.0,0.0,0.0
Shaft Collection,4.0,130776116.0,32694029.0
Shanghai Noon Collection,2.0,145255792.0,72627896.0
Shaolin Temple Collection,3.0,19712261.0,6570753.666666667
Sharknado Collection,4.0,0.0,0.0
Sharktopus Collection,3.0,0.0,0.0
She Collection,2.0,0.0,0.0
Sherlock Holmes (1939 series),12.0,0.0,0.0
Sherlock Holmes Collection,2.0,858643679.0,429321839.5
Shin Chan Collection,1.0,0.0,0.0
Short Circuit Collection,2.0,62327849.0,31163924.5
Short Peace,1.0,0.0,0.0
Showgirls Collection,1.0,20350754.0,20350754.0
Shrek Collection,5.0,2955807008.0,591161401.6
Sides of the Bed,1.0,0.0,0.0
"Signed, Sealed, Delivered",8.0,0.0,0.0
Silence of God Trilogy by Ingmar Bergman,3.0,0.0,0.0
Silent Hill Collection,2.0,149910249.0,74955124.5
"Silent Night, Deadly Night Collection",6.0,168890.0,28148.333333333332
Simon Brenner Collection,4.0,0.0,0.0
Sin City Collection,2.0,198141436.0,99070718.0
Sinister Collection,2.0,130594457.0,65297228.5
Sissi Collection,3.0,0.0,0.0
Sister Act Collection,2.0,288924179.0,144462089.5
Six Degrees of Celebration Collection,5.0,22772019.0,4554403.8
Six Swedes Collection,1.0,0.0,0.0
Slap Shot Collection,3.0,28000000.0,9333333.333333334
Slayers - Movie Collection,5.0,0.0,0.0
Smokey and the Bandit Collection,3.0,198549004.0,66183001.333333336
Sniper Collection,6.0,18994653.0,3165775.5
Snow Collection,2.0,0.0,0.0
Snow Queen Collection,3.0,12400000.0,4133333.3333333335
Son of Batman Collection,3.0,0.0,0.0
Space Chimps Collection,2.0,63800345.0,31900172.5
Species Collection,4.0,132539663.0,33134915.75
Speed Collection,2.0,514956211.0,257478105.5
Spider-Man Collection,3.0,2496346518.0,832115506.0
Splash Collection,2.0,69821334.0,34910667.0
SpongeBob Collection,2.0,451755824.0,225877912.0
Spy Kids Collection,4.0,550233830.0,137558457.5
Stake Land Collection,2.0,33245.0,16622.5
Star Crash Collection,2.0,0.0,0.0
Star Trek: Alternate Reality Collection,3.0,1196517508.0,398839169.3333333
Star Trek: The Next Generation Collection,4.0,455312826.0,113828206.5
Star Trek: The Original Series Collection,6.0,622900000.0,103816666.66666667
Star Wars Collection,8.0,7434494790.0,929311848.75
Star Wars: The Ewok Adventures Collection,2.0,0.0,0.0
Stargate SG-1 Collection,3.0,8900000.0,2966666.6666666665
Starship Troopers Collection,4.0,121214377.0,30303594.25
State Property Collection,2.0,3798544.0,1899272.0
Step Up Collection,5.0,650939748.0,130187949.6
Stepford Collection,2.0,0.0,0.0
Street Fighter,2.0,112187722.0,56093861.0
Street Fighter Collection,4.0,0.0,0.0
Street Kings Collection,2.0,65569869.0,32784934.5
StreetDance Collection,3.0,18197477.0,6065825.666666667
Stuart Little Collection,3.0,470092173.0,156697391.0
Super Troopers Collection,1.0,18492362.0,18492362.0
Superman / Batman (Animated) Collection,2.0,0.0,0.0
Superman Collection,5.0,976908540.0,195381708.0
Swamp Thing Collection,2.0,192816.0,96408.0
Swan Princess Series,3.0,9771658.0,3257219.3333333335
Swordsman Collection,1.0,0.0,0.0
Sällskapsresorna,6.0,13656519.0,2276086.5
Síť (kolekce),2.0,110627965.0,55313982.5
TRON Collection,2.0,433062763.0,216531381.5
Taken Collection,3.0,928743298.0,309581099.3333333
Tales from the Crypt Collection,5.0,5600000.0,1120000.0
Tales of the Four Seasons,4.0,0.0,0.0
Tangled Collection,2.0,591794936.0,295897468.0
Tarzan (Animation) Collection,3.0,448000000.0,149333333.33333334
Tarzan (Gordon Scott series),2.0,0.0,0.0
Tarzan (Johnny Weissmuller series),8.0,0.0,0.0
Tarzan (Lex Barker series),2.0,0.0,0.0
Taxi Collection,4.0,126491626.0,31622906.5
Ted Collection,2.0,766390903.0,383195451.5
Teen Beach Collection,2.0,0.0,0.0
Teen Wolf Collection,2.0,0.0,0.0
Teenage Apocalypse Trilogy,3.0,27354.0,9118.0
Teenage Mutant Ninja Turtles (Original) Collection,3.0,322000000.0,107333333.33333333
Teenage Mutant Ninja Turtles (Remake) Collection,2.0,722823848.0,361411924.0
TekWar Collection,4.0,0.0,0.0
Tekken Collection,3.0,967000.0,322333.3333333333
Tenchi Muyô Collection,3.0,0.0,0.0
Tengen Toppa Gurren Lagann Collection,2.0,0.0,0.0
Tetsuo Collection,3.0,0.0,0.0
Texas Chainsaw (Reboot) Collection,2.0,107071655.0,53535827.5
Texas Chainsaw Massacre Collection,6.0,92078277.0,15346379.5
The 36th Chamber of Shaolin Collection,3.0,0.0,0.0
The Adventures of Antoine Doinel,5.0,0.0,0.0
The Adventures of Mickey Matson Collection,1.0,0.0,0.0
The Amazing Spider-Man Collection,2.0,1457933289.0,728966644.5
The Amityville Horror Collection,12.0,213347083.0,17778923.583333332
The Angrez Collection,1.0,300000.0,300000.0
The Apu Collection,3.0,722579.0,240859.66666666666
The Are We Collection,2.0,97918663.0,48959331.5
The Arrival Collection,2.0,14048372.0,7024186.0
The Art of War Collection,3.0,30199105.0,10066368.333333334
The Avengers Collection,2.0,2924961604.0,1462480802.0
The BRD Collection,3.0,0.0,0.0
The Bible Collection,7.0,0.0,0.0
The Black Stallion Collection,2.0,47599643.0,23799821.5
The Blue Lagoon collection,3.0,61660960.0,20553653.333333332
The Blues Brothers Collection,2.0,129281274.0,64640637.0
The Boogeyman Collection,3.0,67192859.0,22397619.666666668
The Boondock Saints Collection,2.0,10659792.0,5329896.0
The Bourne Collection,5.0,1637416431.0,327483286.2
The Bowery Boys,29.0,0.0,0.0
The Bride with White Hair Collection,1.0,0.0,0.0
The Butterfly Effect Collection,3.0,96060858.0,32020286.0
The Cabin Fever Collection,3.0,30553394.0,10184464.666666666
The Carry On Collection,25.0,0.0,0.0
The Cell Collection,2.0,104155843.0,52077921.5
The Chronicles of Narnia Collection,3.0,1584144587.0,528048195.6666667
The Chronicles of Riddick Collection,4.0,267297687.0,66824421.75
The Collector Collection,2.0,120842058.0,60421029.0
The Comics Collection,2.0,0.0,0.0
The Complete Monterey Pop Festival,3.0,0.0,0.0
The Conjuring Collection,2.0,638170149.0,319085074.5
The Cremaster Cycle,3.0,0.0,0.0
The Crimson Rivers Collection,2.0,0.0,0.0
The Crossing Collection,2.0,0.0,0.0
The Crow Collection,4.0,111917287.0,27979321.75
The Cutlass Collection,1.0,0.0,0.0
The Dark Knight Collection,3.0,2463716216.0,821238738.6666666
The Dead Collection,2.0,0.0,0.0
The Decline of Western Civilization Collection,2.0,0.0,0.0
The Delta Force Collection,3.0,24467261.0,8155753.666666667
The Dentist Collection,2.0,0.0,0.0
The Descent Collection,2.0,0.0,0.0
The Desert Collection,1.0,0.0,0.0
The Dirty Dozen Collection,4.0,45300000.0,11325000.0
The Disappearance Of Eleanor Rigby,3.0,985007.0,328335.6666666667
The Discworld Collection,5.0,0.0,0.0
The Dukes Of Hazzard Collection,2.0,110803676.0,55401838.0
The Durango Kid,2.0,0.0,0.0
The Elusive Revengers Collection,3.0,0.0,0.0
The Emigrants Collection,2.0,0.0,0.0
The Endless Summer Collection,2.0,0.0,0.0
The Exorcist Collection,5.0,589331619.0,117866323.8
The Expendables Collection,3.0,793216361.0,264405453.66666666
The Exterminator Collection,1.0,0.0,0.0
The Eye Collection,5.0,56309766.0,11261953.2
The Falcon Series,2.0,0.0,0.0
The Fast and the Furious Collection,8.0,5125098793.0,640637349.125
The Female Prisoner Series,2.0,0.0,0.0
The Fjällbacka Murders,6.0,0.0,0.0
The Flintstones (Live-Action) Collection,2.0,401099483.0,200549741.5
The Fly (1958 series),3.0,3000000.0,1000000.0
The Fly Collection,2.0,99532338.0,49766169.0
The Foreigner Collection,2.0,0.0,0.0
The Fox and the Hound Collection,2.0,29800000.0,14900000.0
The Frogtown Collection,1.0,0.0,0.0
The Fugitive / U.S. Marshals Collection,2.0,471243165.0,235621582.5
The Gamers Collection,4.0,0.0,0.0
The Garden of Sinners,9.0,0.0,0.0
The Gate Collection,2.0,0.0,0.0
The Godfather Collection,3.0,429375314.0,143125104.66666666
The Gods Must Be Crazy Collection,3.0,60000000.0,20000000.0
The Gremlins Collection,2.0,194565309.0,97282654.5
The Grudge Collection,3.0,261228450.0,87076150.0
The Gruffalo Collection,3.0,0.0,0.0
The Guyver Collection,2.0,0.0,0.0
The Hamiltons Collection,2.0,0.0,0.0
The Hangover Collection,3.0,1075726677.0,358575559.0
The Hannibal Lecter Anthology,5.0,924422301.0,184884460.2
The Haunting in Connecticut Collection,2.0,77527732.0,38763866.0
The Heroic Trio Collection,1.0,0.0,0.0
The Hills Have Eyes (Original) Collection,2.0,25000000.0,12500000.0
The Hills Have Eyes (Reboot) Collection,2.0,69623713.0,34811856.5
The Hire,9.0,0.0,0.0
The Hitcher (1986) Collection,2.0,5844868.0,2922434.0
The Hobbit Collection,3.0,2935523356.0,978507785.3333334
The Hobgoblin Collection,1.0,0.0,0.0
The Howling Collection,7.0,17985893.0,2569413.285714286
The Human Centipede Collection,3.0,0.0,0.0
The Human Condition,3.0,0.0,0.0
The Hunchback of Notre Dame Collection,2.0,100138851.0,50069425.5
The Hunger Games Collection,4.0,2944162634.0,736040658.5
The Hunters Collection,2.0,0.0,0.0
The Huntsman Collection,2.0,561202163.0,280601081.5
The Inbetweeners Collection,2.0,88025781.0,44012890.5
The Incredible Hulk (TV Movie) Collection,3.0,0.0,0.0
The Incredibles Collection,1.0,631442092.0,631442092.0
The Invisible Man (Universal Series),5.0,1040000.0,208000.0
The Jack Ryan Collection,5.0,836688411.0,167337682.2
The Jake Gittes Collection,2.0,40000000.0,20000000.0
The Jaws Collection,4.0,798406075.0,199601518.75
The Jungle Book Collection,2.0,341523612.0,170761806.0
The Karate Kid Collection,4.0,260702809.0,65175702.25
The Klapisch Trilogy,3.0,27625100.0,9208366.666666666
The Krays Collection,1.0,0.0,0.0
The Land Before Time Collection,14.0,84460846.0,6032917.571428572
The Last Exorcism Collection,2.0,82917392.0,41458696.0
The Lawnmower Man Collection,2.0,34510225.0,17255112.5
The Legend Collection,2.0,6924581.0,3462290.5
The Lego Movie Collection,2.0,781111076.0,390555538.0
The Librarian Collection,3.0,0.0,0.0
The Lion King Collection,4.0,788241776.0,197060444.0
The Little Mermaid Collection,3.0,222300000.0,74100000.0
The Little Polar Bear Collection,2.0,0.0,0.0
The Lord of the Rings Animated Collection,3.0,30471420.0,10157140.0
The Lord of the Rings Collection,3.0,2916544743.0,972181581.0
The Magnificent Seven Collection,4.0,4905000.0,1226250.0
The Man With No Name Collection,3.0,35500000.0,11833333.333333334
The Man with the Iron Fists Collection,2.0,15608545.0,7804272.5
The Marine Collection,5.0,22165608.0,4433121.6
The Mask Collection,2.0,351583407.0,175791703.5
The Matrix Collection,3.0,1627105295.0,542368431.6666666
The Maze Runner Collection,2.0,659576787.0,329788393.5
The Mesrine Collection,2.0,31055440.0,15527720.0
The Messengers Collection,2.0,1109660.0,554830.0
The Mighty Ducks Collection,3.0,119317844.0,39772614.666666664
The Millennium Collection,3.0,214839043.0,71613014.33333333
The Modesty Blaise Collection,1.0,0.0,0.0
The Monkey King Collection,1.0,0.0,0.0
The Mummy (Hammer Series),4.0,0.0,0.0
The Mummy (Universal Series),5.0,0.0,0.0
The Mummy Collection,3.0,1250027401.0,416675800.3333333
The Muppet Collection,7.0,400124401.0,57160628.71428572
The Neverending Story Collection,3.0,36442475.0,12147491.666666666
The Nutty Professor Collection,2.0,252077290.0,126038645.0
The Odd Couple Collection,2.0,44527234.0,22263617.0
The Olsen Gang Collection,4.0,0.0,0.0
The Omen Collection,4.0,107912717.0,26978179.25
The One-Armed Swordsman Collection,3.0,0.0,0.0
The Pact Collection,2.0,0.0,0.0
The Paleface Collection,2.0,0.0,0.0
The Party Collection,2.0,0.0,0.0
The Philadelphia Experiment - Collezione,3.0,2970.0,990.0
The Pink Panther (Original) Collection,9.0,164478248.0,18275360.888888888
The Pink Panther (Steve Martin) Collection,2.0,75871032.0,37935516.0
The Princess Diaries Collection,2.0,260484588.0,130242294.0
The Protector Collection,2.0,30468044.0,15234022.0
The Purge Collection,3.0,316699354.0,105566451.33333333
The Raid Collection,2.0,6732396.0,3366198.0
The Reef Collection,1.0,0.0,0.0
The Rescuers Collection,2.0,118647330.0,59323665.0
The Ring Collection,3.0,493881361.0,164627120.33333334
The Santa Clause Collection,3.0,447188544.0,149062848.0
The Secret Garden Collection,2.0,0.0,0.0
The Secret Of NIMH Collection,2.0,14665733.0,7332866.5
The Shadow Collection,2.0,48063435.0,24031717.5
The Sheriff and the Satellite Kid Collection,2.0,0.0,0.0
The Sisterhood of the Traveling Pants Collection,2.0,83405478.0,41702739.0
The Slumber Party Massacre Collection,3.0,0.0,0.0
The Smurfs (Theatrical) Collection,3.0,1108367047.0,369455682.3333333
The Snowman Collection,1.0,0.0,0.0
The Sorority House Massacre Collection,2.0,0.0,0.0
The Space Odyssey Series,2.0,109100657.0,54550328.5
The Storm Riders Collection,1.0,0.0,0.0
The Tall Blond Man Collection,2.0,0.0,0.0
The Terminator Collection,5.0,1845327738.0,369065547.6
The Thin Man Collection,6.0,1423000.0,237166.66666666666
The Thing Collection,2.0,47758430.0,23879215.0
The Three Mothers Collection,3.0,54947.0,18315.666666666668
The Transporter Collection,4.0,310705790.0,77676447.5
The Twilight Collection,5.0,3342107290.0,668421458.0
The Vampire Chronicles,2.0,269143718.0,134571859.0
The Vengeance Collection,3.0,40738250.0,13579416.666666666
The Visitors Collection,4.0,0.0,0.0
The War of Flower Collection,2.0,0.0,0.0
The Water of the Hills,1.0,0.0,0.0
The Whistler collection,4.0,0.0,0.0
The Whole Nine/Ten Yards Collection,2.0,132527432.0,66263716.0
The Wixxer Trilogy,1.0,0.0,0.0
The Wolf Man (Universal Series),4.0,0.0,0.0
The Wolverine Collection,3.0,1405305345.0,468435115.0
The Woman in Black Collection,2.0,154232059.0,77116029.5
The Worricker Collection,3.0,0.0,0.0
The X-Files Collection,2.0,257567747.0,128783873.5
Think Like a Man Collection,2.0,166251935.0,83125967.5
Thor Collection,2.0,1093898020.0,546949010.0
Thou Shalt Laugh Collection,3.0,0.0,0.0
Three Colors Collection,3.0,0.0,0.0
Three Heroes Collection,5.0,24209008.0,4841801.6
Three Steps Above Heaven Collection,2.0,0.0,0.0
Thumbs! Collection,2.0,0.0,0.0
Thunderbirds (Animation) Collection,2.0,0.0,0.0
Till Luck Do Us Part Collection,1.0,1672940.0,1672940.0
Timecop Collection,2.0,101646581.0,50823290.5
Tinker Bell Collection,6.0,20300000.0,3383333.3333333335
Tognazzi & Vianello Collection,2.0,0.0,0.0
Tokyo Decadence series,1.0,0.0,0.0
Tom and Jerry Collection,10.0,0.0,0.0
Tomb Raider Collection,2.0,431208728.0,215604364.0
Tomie Collection,1.0,0.0,0.0
Tooth Fairy Collection,2.0,112462508.0,56231254.0
Topper Collection,3.0,0.0,0.0
Torrente Collection,5.0,11672363.0,2334472.6
Totò Collection,27.0,0.0,0.0
Toy Story Collection,3.0,1937890605.0,645963535.0
Trailer Park Boys Collection,6.0,3833507.0,638917.8333333334
Trainspotting Collection,2.0,57903789.0,28951894.5
Transformers Collection,5.0,4366101244.0,873220248.8
Trapped in the Closet,2.0,0.0,0.0
Tremors Collection,5.0,48572000.0,9714400.0
Trilogy of Life,3.0,0.0,0.0
Trilogy of Terror Collection,2.0,0.0,0.0
Trilogía de la violencia de Michael Haneke,3.0,0.0,0.0
Trinità  Collection,1.0,0.0,0.0
Turbulence Collection,2.0,11466088.0,5733044.0
Twitches Collection,2.0,0.0,0.0
Ultimate Avengers Collection,2.0,14600000.0,7300000.0
Umizaru Collection,1.0,0.0,0.0
Under Siege Collection,2.0,260887222.0,130443611.0
Underworld Collection,5.0,539608743.0,107921748.6
Undisputed Collection,4.0,12398628.0,3099657.0
Universal Soldier Collection,6.0,12945586.0,2157597.6666666665
Unna Trilogie,2.0,0.0,0.0
Urban Legend,3.0,111101957.0,37033985.666666664
V/H/S Collection,3.0,124934.0,41644.666666666664
V: The Collection,2.0,0.0,0.0
Vacancy Collection,2.0,35300645.0,17650322.5
Vampire Hunter D Collection,2.0,0.0,0.0
Vampire Karnstein (Hammer series),3.0,0.0,0.0
Vampires Collection,2.0,0.0,0.0
Vampires Suck Collection,2.0,80547866.0,40273933.0
Van Helsing Collection,2.0,300257475.0,150128737.5
Varg Veum Collection,3.0,0.0,0.0
Walking Tall Collection,3.0,57223890.0,19074630.0
Walking Tall Original Collection,2.0,0.0,0.0
Wall Street Collection,2.0,178596090.0,89298045.0
Wallace & Gromit Collection,6.0,192452832.0,32075472.0
Wallander (Rolf Lassgård),2.0,0.0,0.0
WarGames Collection,2.0,79567667.0,39783833.5
Warlock Collection,3.0,0.0,0.0
Warriors of the Rainbow: The Seediq Bale Saga,1.0,0.0,0.0
We Were Here,2.0,0.0,0.0
Welcome Collection,1.0,36500000.0,36500000.0
Werner Collection,4.0,0.0,0.0
Westworld Collection,2.0,0.0,0.0
What the Bleep! Collection,2.0,10138913.0,5069456.5
Whistling Collection,3.0,0.0,0.0
White Crane Chronicles,1.0,0.0,0.0
White Fang Collection,2.0,34793160.0,17396580.0
White Noise Collection,2.0,91196419.0,45598209.5
Wild Things Collection,3.0,67200000.0,22400000.0
Winnetou Collection,2.0,0.0,0.0
Winnie-the-Pooh (Russian),3.0,0.0,0.0
Wishmaster Collection,4.0,15719109.0,3929777.25
Witch Mountain Collection,3.0,36393000.0,12131000.0
Without a Paddle Collection,2.0,69631118.0,34815559.0
Wodehouse P.G. Collection,1.0,0.0,0.0
Wolf Creek Collection,2.0,37393092.0,18696546.0
Wolf Warriors Collection,1.0,80000000.0,80000000.0
Wonder Woman Collection,1.0,820580447.0,820580447.0
World of Watches Collection,2.0,70862717.0,35431358.5
Would I Lie to You? Collection,3.0,113080982.0,37693660.666666664
Wreck-It Ralph Collection,1.0,471222889.0,471222889.0
Wrong Turn Collection,6.0,28650575.0,4775095.833333333
X-Men Collection,6.0,2808832317.0,468138719.5
Yamakasi - Collection,1.0,0.0,0.0
Yossi Collection,2.0,116207.0,58103.5
Young Guns Collection,2.0,44726644.0,22363322.0
Zapped Collection,2.0,0.0,0.0
Zatôichi: The Blind Swordsman,26.0,0.0,0.0
Zombi Collection,1.0,0.0,0.0
Zoolander Collection,2.0,116749981.0,58374990.5
Zorro Collection,3.0,392688588.0,130896196.0
[REC] Collection,4.0,59265680.0,14816420.0
xXx Collection,3.0,694669972.0,231556657.33333334
Åsa-Nisse Collection,1.0,0.0,0.0
Çalgı Çengi Collection,1.0,0.0,0.0
Şevkat Yerimdar Serisi,1.0,0.0,0.0
Горько! (Коллекция),1.0,0.0,0.0
ДухLess (Коллекция),2.0,13218980.0,6609490.0
Параграф 78 - Дилогия,1.0,0.0,0.0
Чебурашка и крокодил Гена,1.0,0.0,0.0
男はつらいよ シリーズ,3.0,0.0,0.0
